status,season,week,week_day,event_date,game_time,tm_nano,tm_market,tm_name,tm_alias,tm_alt_market,tm_alt_alias,opp_nano,opp_market,opp_name,opp_alias,opp_alt_market,opp_alt_alias,tm_location,opp_location,tm_score,opp_score,boxscore_stats_link
closed,2025,1,Thu,2025-09-04,8:20PM,hjjmgzxilGWdr,Philadelphia,Eagles,PHI,philadelphia-eagles,phi,KdjU81i7YSFE7,Dallas,Cowboys,DAL,dallas-cowboys,dal,H,A,24,20,https://www.pro-football-reference.com/boxscores/202509040phi.htm
closed,2025,1,Fri,2025-09-05,8:00PM,SjaMbkmeizJD4,Los Angeles,Chargers,LAC,los-angeles-chargers,sdg,oiGiwWPf0UqMC,Kansas City,Chiefs,KC,kansas-city-chiefs,kan,H,A,27,21,https://www.pro-football-reference.com/boxscores/202509050sdg.htm
closed,2025,1,Sun,2025-09-07,1:00PM,QMAZH1v922YLu,Tampa Bay,Buccaneers,TB,tampa-bay-buccaneers,tam,mLspw4gJNTQGN,Atlanta,Falcons,ATL,atlanta-falcons,atl,A,H,23,20,https://www.pro-football-reference.com/boxscores/202509070atl.htm
closed,2025,1,Sun,2025-09-07,8:20PM,3VqeLK0LS9rpw,Buffalo,Bills,BUF,buffalo-bills,buf,zyhFXj1nywrm1,Baltimore,Ravens,BAL,baltimore-ravens,rav,H,A,41,40,https://www.pro-football-reference.com/boxscores/202509070buf.htm
closed,2025,1,Sun,2025-09-07,1:00PM,22ZdibiqvfA2D,Cincinnati,Bengals,CIN,cincinnati-bengals,cin,IR4gIYmh269EI,Cleveland,Browns,CLE,cleveland-browns,cle,A,H,17,16,https://www.pro-football-reference.com/boxscores/202509070cle.htm
closed,2025,1,Sun,2025-09-07,1:00PM,LJmHetie5VbbO,Indianapolis,Colts,IND,indianapolis-colts,clt,mfbu6O5aMHbJg,Miami,Dolphins,MIA,miami-dolphins,mia,H,A,33,8,https://www.pro-football-reference.com/boxscores/202509070clt.htm
closed,2025,1,Sun,2025-09-07,4:05PM,6DclFuycdPaOB,Denver,Broncos,DEN,denver-broncos,den,ltMyRE3yvVUaw,Tennessee,Titans,TEN,tennessee-titans,oti,H,A,20,12,https://www.pro-football-reference.com/boxscores/202509070den.htm
closed,2025,1,Sun,2025-09-07,4:25PM,D5QY6bOxfn8ZL,Green Bay,Packers,GB,green-bay-packers,gnb,FCuH1wdksA2DQ,Detroit,Lions,DET,detroit-lions,det,H,A,27,13,https://www.pro-football-reference.com/boxscores/202509070gnb.htm
closed,2025,1,Sun,2025-09-07,1:00PM,RtOjnciWkJPaL,Jacksonville,Jaguars,JAC,jacksonville-jaguars,jax,jJBGuksuDJF5L,Carolina,Panthers,CAR,carolina-panthers,car,H,A,26,10,https://www.pro-football-reference.com/boxscores/202509070jax.htm
closed,2025,1,Sun,2025-09-07,1:00PM,GJizlkzQFaqGA,Arizona,Cardinals,ARI,arizona-cardinals,crd,CI5mhfNa0Zqd2,New Orleans,Saints,NO,new-orleans-saints,nor,A,H,20,13,https://www.pro-football-reference.com/boxscores/202509070nor.htm
closed,2025,1,Sun,2025-09-07,1:00PM,LZoDld8s63xUs,Las Vegas,Raiders,LV,las-vegas-raiders,rai,VkxV91RtzHn65,New England,Patriots,NE,new-england-patriots,nwe,A,H,20,13,https://www.pro-football-reference.com/boxscores/202509070nwe.htm
closed,2025,1,Sun,2025-09-07,1:00PM,SlVgURDFI7EXX,Pittsburgh,Steelers,PIT,pittsburgh-steelers,pit,mexvMWO2v1hWn,New York,Jets,NYJ,new-york-jets,nyj,A,H,34,32,https://www.pro-football-reference.com/boxscores/202509070nyj.htm
closed,2025,1,Sun,2025-09-07,4:25PM,u98I1lDKQBwZ0,Los Angeles,Rams,LAR,los-angeles-rams,ram,UI0Ax4HUEXFh6,Houston,Texans,HOU,houston-texans,htx,H,A,14,9,https://www.pro-football-reference.com/boxscores/202509070ram.htm
closed,2025,1,Sun,2025-09-07,4:05PM,IwSI92ZDKoazn,San Francisco,49ers,SF,san-francisco-49ers,sfo,4M8AK5p0WXs1N,Seattle,Seahawks,SEA,seattle-seahawks,sea,A,H,17,13,https://www.pro-football-reference.com/boxscores/202509070sea.htm
closed,2025,1,Sun,2025-09-07,1:00PM,9JtBk8kFeaGEs,Washington,Football Team,WAS,washington-commanders,was,n8CuHV9wbYCqF,New York,Giants,NYG,new-york-giants,nyg,H,A,21,6,https://www.pro-football-reference.com/boxscores/202509070was.htm
closed,2025,1,Mon,2025-09-08,8:15PM,AzOs5UWsXusSW,Minnesota,Vikings,MIN,minnesota-vikings,min,1vVmWGzUZ1rea,Chicago,Bears,CHI,chicago-bears,chi,A,H,27,24,https://www.pro-football-reference.com/boxscores/202509080chi.htm
closed,2025,2,Thu,2025-09-11,8:15PM,D5QY6bOxfn8ZL,Green Bay,Packers,GB,green-bay-packers,gnb,9JtBk8kFeaGEs,Washington,Football Team,WAS,washington-commanders,was,H,A,27,18,https://www.pro-football-reference.com/boxscores/202509110gnb.htm
closed,2025,2,Sun,2025-09-14,1:00PM,22ZdibiqvfA2D,Cincinnati,Bengals,CIN,cincinnati-bengals,cin,RtOjnciWkJPaL,Jacksonville,Jaguars,JAC,jacksonville-jaguars,jax,H,A,31,27,https://www.pro-football-reference.com/boxscores/202509140cin.htm
closed,2025,2,Sun,2025-09-14,4:05PM,LJmHetie5VbbO,Indianapolis,Colts,IND,indianapolis-colts,clt,6DclFuycdPaOB,Denver,Broncos,DEN,denver-broncos,den,H,A,29,28,https://www.pro-football-reference.com/boxscores/202509140clt.htm
closed,2025,2,Sun,2025-09-14,4:05PM,GJizlkzQFaqGA,Arizona,Cardinals,ARI,arizona-cardinals,crd,jJBGuksuDJF5L,Carolina,Panthers,CAR,carolina-panthers,car,H,A,27,22,https://www.pro-football-reference.com/boxscores/202509140crd.htm
closed,2025,2,Sun,2025-09-14,1:00PM,KdjU81i7YSFE7,Dallas,Cowboys,DAL,dallas-cowboys,dal,n8CuHV9wbYCqF,New York,Giants,NYG,new-york-giants,nyg,H,A,40,37,https://www.pro-football-reference.com/boxscores/202509140dal.htm
closed,2025,2,Sun,2025-09-14,1:00PM,FCuH1wdksA2DQ,Detroit,Lions,DET,detroit-lions,det,1vVmWGzUZ1rea,Chicago,Bears,CHI,chicago-bears,chi,H,A,52,21,https://www.pro-football-reference.com/boxscores/202509140det.htm
closed,2025,2,Sun,2025-09-14,4:25PM,hjjmgzxilGWdr,Philadelphia,Eagles,PHI,philadelphia-eagles,phi,oiGiwWPf0UqMC,Kansas City,Chiefs,KC,kansas-city-chiefs,kan,A,H,20,17,https://www.pro-football-reference.com/boxscores/202509140kan.htm
closed,2025,2,Sun,2025-09-14,1:00PM,VkxV91RtzHn65,New England,Patriots,NE,new-england-patriots,nwe,mfbu6O5aMHbJg,Miami,Dolphins,MIA,miami-dolphins,mia,A,H,33,27,https://www.pro-football-reference.com/boxscores/202509140mia.htm
closed,2025,2,Sun,2025-09-14,8:20PM,mLspw4gJNTQGN,Atlanta,Falcons,ATL,atlanta-falcons,atl,AzOs5UWsXusSW,Minnesota,Vikings,MIN,minnesota-vikings,min,A,H,22,6,https://www.pro-football-reference.com/boxscores/202509140min.htm
closed,2025,2,Sun,2025-09-14,1:00PM,IwSI92ZDKoazn,San Francisco,49ers,SF,san-francisco-49ers,sfo,CI5mhfNa0Zqd2,New Orleans,Saints,NO,new-orleans-saints,nor,A,H,26,21,https://www.pro-football-reference.com/boxscores/202509140nor.htm
closed,2025,2,Sun,2025-09-14,1:00PM,3VqeLK0LS9rpw,Buffalo,Bills,BUF,buffalo-bills,buf,mexvMWO2v1hWn,New York,Jets,NYJ,new-york-jets,nyj,A,H,30,10,https://www.pro-football-reference.com/boxscores/202509140nyj.htm
closed,2025,2,Sun,2025-09-14,1:00PM,u98I1lDKQBwZ0,Los Angeles,Rams,LAR,los-angeles-rams,ram,ltMyRE3yvVUaw,Tennessee,Titans,TEN,tennessee-titans,oti,A,H,33,19,https://www.pro-football-reference.com/boxscores/202509140oti.htm
closed,2025,2,Sun,2025-09-14,1:00PM,4M8AK5p0WXs1N,Seattle,Seahawks,SEA,seattle-seahawks,sea,SlVgURDFI7EXX,Pittsburgh,Steelers,PIT,pittsburgh-steelers,pit,A,H,31,17,https://www.pro-football-reference.com/boxscores/202509140pit.htm
closed,2025,2,Sun,2025-09-14,1:00PM,zyhFXj1nywrm1,Baltimore,Ravens,BAL,baltimore-ravens,rav,IR4gIYmh269EI,Cleveland,Browns,CLE,cleveland-browns,cle,H,A,41,17,https://www.pro-football-reference.com/boxscores/202509140rav.htm
closed,2025,2,Mon,2025-09-15,7:00PM,QMAZH1v922YLu,Tampa Bay,Buccaneers,TB,tampa-bay-buccaneers,tam,UI0Ax4HUEXFh6,Houston,Texans,HOU,houston-texans,htx,A,H,20,19,https://www.pro-football-reference.com/boxscores/202509150htx.htm
closed,2025,2,Mon,2025-09-15,10:00PM,SjaMbkmeizJD4,Los Angeles,Chargers,LAC,los-angeles-chargers,sdg,LZoDld8s63xUs,Las Vegas,Raiders,LV,las-vegas-raiders,rai,A,H,20,9,https://www.pro-football-reference.com/boxscores/202509150rai.htm
closed,2025,3,Thu,2025-09-18,8:15PM,3VqeLK0LS9rpw,Buffalo,Bills,BUF,buffalo-bills,buf,mfbu6O5aMHbJg,Miami,Dolphins,MIA,miami-dolphins,mia,H,A,31,21,https://www.pro-football-reference.com/boxscores/202509180buf.htm
closed,2025,3,Sun,2025-09-21,1:00PM,jJBGuksuDJF5L,Carolina,Panthers,CAR,carolina-panthers,car,mLspw4gJNTQGN,Atlanta,Falcons,ATL,atlanta-falcons,atl,H,A,30,0,https://www.pro-football-reference.com/boxscores/202509210car.htm
closed,2025,3,Sun,2025-09-21,4:25PM,1vVmWGzUZ1rea,Chicago,Bears,CHI,chicago-bears,chi,KdjU81i7YSFE7,Dallas,Cowboys,DAL,dallas-cowboys,dal,H,A,31,14,https://www.pro-football-reference.com/boxscores/202509210chi.htm
closed,2025,3,Sun,2025-09-21,1:00PM,IR4gIYmh269EI,Cleveland,Browns,CLE,cleveland-browns,cle,D5QY6bOxfn8ZL,Green Bay,Packers,GB,green-bay-packers,gnb,H,A,13,10,https://www.pro-football-reference.com/boxscores/202509210cle.htm
closed,2025,3,Sun,2025-09-21,1:00PM,RtOjnciWkJPaL,Jacksonville,Jaguars,JAC,jacksonville-jaguars,jax,UI0Ax4HUEXFh6,Houston,Texans,HOU,houston-texans,htx,H,A,17,10,https://www.pro-football-reference.com/boxscores/202509210jax.htm
closed,2025,3,Sun,2025-09-21,1:00PM,AzOs5UWsXusSW,Minnesota,Vikings,MIN,minnesota-vikings,min,22ZdibiqvfA2D,Cincinnati,Bengals,CIN,cincinnati-bengals,cin,H,A,48,10,https://www.pro-football-reference.com/boxscores/202509210min.htm
closed,2025,3,Sun,2025-09-21,1:00PM,SlVgURDFI7EXX,Pittsburgh,Steelers,PIT,pittsburgh-steelers,pit,VkxV91RtzHn65,New England,Patriots,NE,new-england-patriots,nwe,A,H,21,14,https://www.pro-football-reference.com/boxscores/202509210nwe.htm
closed,2025,3,Sun,2025-09-21,8:20PM,oiGiwWPf0UqMC,Kansas City,Chiefs,KC,kansas-city-chiefs,kan,n8CuHV9wbYCqF,New York,Giants,NYG,new-york-giants,nyg,A,H,22,9,https://www.pro-football-reference.com/boxscores/202509210nyg.htm
closed,2025,3,Sun,2025-09-21,1:00PM,LJmHetie5VbbO,Indianapolis,Colts,IND,indianapolis-colts,clt,ltMyRE3yvVUaw,Tennessee,Titans,TEN,tennessee-titans,oti,A,H,41,20,https://www.pro-football-reference.com/boxscores/202509210oti.htm
closed,2025,3,Sun,2025-09-21,1:00PM,hjjmgzxilGWdr,Philadelphia,Eagles,PHI,philadelphia-eagles,phi,u98I1lDKQBwZ0,Los Angeles,Rams,LAR,los-angeles-rams,ram,H,A,33,26,https://www.pro-football-reference.com/boxscores/202509210phi.htm
closed,2025,3,Sun,2025-09-21,4:05PM,SjaMbkmeizJD4,Los Angeles,Chargers,LAC,los-angeles-chargers,sdg,6DclFuycdPaOB,Denver,Broncos,DEN,denver-broncos,den,H,A,23,20,https://www.pro-football-reference.com/boxscores/202509210sdg.htm
closed,2025,3,Sun,2025-09-21,4:05PM,4M8AK5p0WXs1N,Seattle,Seahawks,SEA,seattle-seahawks,sea,CI5mhfNa0Zqd2,New Orleans,Saints,NO,new-orleans-saints,nor,H,A,44,13,https://www.pro-football-reference.com/boxscores/202509210sea.htm
closed,2025,3,Sun,2025-09-21,4:25PM,IwSI92ZDKoazn,San Francisco,49ers,SF,san-francisco-49ers,sfo,GJizlkzQFaqGA,Arizona,Cardinals,ARI,arizona-cardinals,crd,H,A,16,15,https://www.pro-football-reference.com/boxscores/202509210sfo.htm
closed,2025,3,Sun,2025-09-21,1:00PM,QMAZH1v922YLu,Tampa Bay,Buccaneers,TB,tampa-bay-buccaneers,tam,mexvMWO2v1hWn,New York,Jets,NYJ,new-york-jets,nyj,H,A,29,27,https://www.pro-football-reference.com/boxscores/202509210tam.htm
closed,2025,3,Sun,2025-09-21,1:00PM,9JtBk8kFeaGEs,Washington,Football Team,WAS,washington-commanders,was,LZoDld8s63xUs,Las Vegas,Raiders,LV,las-vegas-raiders,rai,H,A,41,24,https://www.pro-football-reference.com/boxscores/202509210was.htm
closed,2025,3,Mon,2025-09-22,8:15PM,FCuH1wdksA2DQ,Detroit,Lions,DET,detroit-lions,det,zyhFXj1nywrm1,Baltimore,Ravens,BAL,baltimore-ravens,rav,A,H,38,30,https://www.pro-football-reference.com/boxscores/202509220rav.htm
closed,2025,4,Thu,2025-09-25,8:15PM,4M8AK5p0WXs1N,Seattle,Seahawks,SEA,seattle-seahawks,sea,GJizlkzQFaqGA,Arizona,Cardinals,ARI,arizona-cardinals,crd,A,H,23,20,https://www.pro-football-reference.com/boxscores/202509250crd.htm
closed,2025,4,Sun,2025-09-28,1:00PM,mLspw4gJNTQGN,Atlanta,Falcons,ATL,atlanta-falcons,atl,9JtBk8kFeaGEs,Washington,Football Team,WAS,washington-commanders,was,H,A,34,27,https://www.pro-football-reference.com/boxscores/202509280atl.htm
closed,2025,4,Sun,2025-09-28,1:00PM,3VqeLK0LS9rpw,Buffalo,Bills,BUF,buffalo-bills,buf,CI5mhfNa0Zqd2,New Orleans,Saints,NO,new-orleans-saints,nor,H,A,31,19,https://www.pro-football-reference.com/boxscores/202509280buf.htm
closed,2025,4,Sun,2025-09-28,8:20PM,D5QY6bOxfn8ZL,Green Bay,Packers,GB,green-bay-packers,gnb,KdjU81i7YSFE7,Dallas,Cowboys,DAL,dallas-cowboys,dal,A,H,40,40,https://www.pro-football-reference.com/boxscores/202509280dal.htm
closed,2025,4,Sun,2025-09-28,1:00PM,FCuH1wdksA2DQ,Detroit,Lions,DET,detroit-lions,det,IR4gIYmh269EI,Cleveland,Browns,CLE,cleveland-browns,cle,H,A,34,10,https://www.pro-football-reference.com/boxscores/202509280det.htm
closed,2025,4,Sun,2025-09-28,1:00PM,UI0Ax4HUEXFh6,Houston,Texans,HOU,houston-texans,htx,ltMyRE3yvVUaw,Tennessee,Titans,TEN,tennessee-titans,oti,H,A,26,0,https://www.pro-football-reference.com/boxscores/202509280htx.htm
closed,2025,4,Sun,2025-09-28,4:25PM,oiGiwWPf0UqMC,Kansas City,Chiefs,KC,kansas-city-chiefs,kan,zyhFXj1nywrm1,Baltimore,Ravens,BAL,baltimore-ravens,rav,H,A,37,20,https://www.pro-football-reference.com/boxscores/202509280kan.htm
closed,2025,4,Sun,2025-09-28,1:00PM,VkxV91RtzHn65,New England,Patriots,NE,new-england-patriots,nwe,jJBGuksuDJF5L,Carolina,Panthers,CAR,carolina-panthers,car,H,A,42,13,https://www.pro-football-reference.com/boxscores/202509280nwe.htm
closed,2025,4,Sun,2025-09-28,1:00PM,n8CuHV9wbYCqF,New York,Giants,NYG,new-york-giants,nyg,SjaMbkmeizJD4,Los Angeles,Chargers,LAC,los-angeles-chargers,sdg,H,A,21,18,https://www.pro-football-reference.com/boxscores/202509280nyg.htm
closed,2025,4,Sun,2025-09-28,9:30AM,SlVgURDFI7EXX,Pittsburgh,Steelers,PIT,pittsburgh-steelers,pit,AzOs5UWsXusSW,Minnesota,Vikings,MIN,minnesota-vikings,min,H,A,24,21,https://www.pro-football-reference.com/boxscores/202509280pit.htm
closed,2025,4,Sun,2025-09-28,4:25PM,1vVmWGzUZ1rea,Chicago,Bears,CHI,chicago-bears,chi,LZoDld8s63xUs,Las Vegas,Raiders,LV,las-vegas-raiders,rai,A,H,25,24,https://www.pro-football-reference.com/boxscores/202509280rai.htm
closed,2025,4,Sun,2025-09-28,4:05PM,u98I1lDKQBwZ0,Los Angeles,Rams,LAR,los-angeles-rams,ram,LJmHetie5VbbO,Indianapolis,Colts,IND,indianapolis-colts,clt,H,A,27,20,https://www.pro-football-reference.com/boxscores/202509280ram.htm
closed,2025,4,Sun,2025-09-28,4:05PM,RtOjnciWkJPaL,Jacksonville,Jaguars,JAC,jacksonville-jaguars,jax,IwSI92ZDKoazn,San Francisco,49ers,SF,san-francisco-49ers,sfo,A,H,26,21,https://www.pro-football-reference.com/boxscores/202509280sfo.htm
closed,2025,4,Sun,2025-09-28,1:00PM,hjjmgzxilGWdr,Philadelphia,Eagles,PHI,philadelphia-eagles,phi,QMAZH1v922YLu,Tampa Bay,Buccaneers,TB,tampa-bay-buccaneers,tam,A,H,31,25,https://www.pro-football-reference.com/boxscores/202509280tam.htm
closed,2025,4,Mon,2025-09-29,8:15PM,6DclFuycdPaOB,Denver,Broncos,DEN,denver-broncos,den,22ZdibiqvfA2D,Cincinnati,Bengals,CIN,cincinnati-bengals,cin,H,A,28,3,https://www.pro-football-reference.com/boxscores/202509290den.htm
closed,2025,4,Mon,2025-09-29,7:15PM,mfbu6O5aMHbJg,Miami,Dolphins,MIA,miami-dolphins,mia,mexvMWO2v1hWn,New York,Jets,NYJ,new-york-jets,nyj,H,A,27,21,https://www.pro-football-reference.com/boxscores/202509290mia.htm
closed,2025,5,Thu,2025-10-02,8:15PM,IwSI92ZDKoazn,San Francisco,49ers,SF,san-francisco-49ers,sfo,u98I1lDKQBwZ0,Los Angeles,Rams,LAR,los-angeles-rams,ram,A,H,26,23,https://www.pro-football-reference.com/boxscores/202510020ram.htm
closed,2025,5,Sun,2025-10-05,8:20PM,VkxV91RtzHn65,New England,Patriots,NE,new-england-patriots,nwe,3VqeLK0LS9rpw,Buffalo,Bills,BUF,buffalo-bills,buf,A,H,23,20,https://www.pro-football-reference.com/boxscores/202510050buf.htm
closed,2025,5,Sun,2025-10-05,1:00PM,jJBGuksuDJF5L,Carolina,Panthers,CAR,carolina-panthers,car,mfbu6O5aMHbJg,Miami,Dolphins,MIA,miami-dolphins,mia,H,A,27,24,https://www.pro-football-reference.com/boxscores/202510050car.htm
closed,2025,5,Sun,2025-10-05,4:25PM,FCuH1wdksA2DQ,Detroit,Lions,DET,detroit-lions,det,22ZdibiqvfA2D,Cincinnati,Bengals,CIN,cincinnati-bengals,cin,A,H,37,24,https://www.pro-football-reference.com/boxscores/202510050cin.htm
closed,2025,5,Sun,2025-10-05,9:30AM,AzOs5UWsXusSW,Minnesota,Vikings,MIN,minnesota-vikings,min,IR4gIYmh269EI,Cleveland,Browns,CLE,cleveland-browns,cle,A,H,21,17,https://www.pro-football-reference.com/boxscores/202510050cle.htm
closed,2025,5,Sun,2025-10-05,1:00PM,LJmHetie5VbbO,Indianapolis,Colts,IND,indianapolis-colts,clt,LZoDld8s63xUs,Las Vegas,Raiders,LV,las-vegas-raiders,rai,H,A,40,6,https://www.pro-football-reference.com/boxscores/202510050clt.htm
closed,2025,5,Sun,2025-10-05,4:05PM,ltMyRE3yvVUaw,Tennessee,Titans,TEN,tennessee-titans,oti,GJizlkzQFaqGA,Arizona,Cardinals,ARI,arizona-cardinals,crd,A,H,22,21,https://www.pro-football-reference.com/boxscores/202510050crd.htm
closed,2025,5,Sun,2025-10-05,1:00PM,CI5mhfNa0Zqd2,New Orleans,Saints,NO,new-orleans-saints,nor,n8CuHV9wbYCqF,New York,Giants,NYG,new-york-giants,nyg,H,A,26,14,https://www.pro-football-reference.com/boxscores/202510050nor.htm
closed,2025,5,Sun,2025-10-05,1:00PM,KdjU81i7YSFE7,Dallas,Cowboys,DAL,dallas-cowboys,dal,mexvMWO2v1hWn,New York,Jets,NYJ,new-york-jets,nyj,A,H,37,22,https://www.pro-football-reference.com/boxscores/202510050nyj.htm
closed,2025,5,Sun,2025-10-05,1:00PM,6DclFuycdPaOB,Denver,Broncos,DEN,denver-broncos,den,hjjmgzxilGWdr,Philadelphia,Eagles,PHI,philadelphia-eagles,phi,A,H,21,17,https://www.pro-football-reference.com/boxscores/202510050phi.htm
closed,2025,5,Sun,2025-10-05,1:00PM,UI0Ax4HUEXFh6,Houston,Texans,HOU,houston-texans,htx,zyhFXj1nywrm1,Baltimore,Ravens,BAL,baltimore-ravens,rav,A,H,44,10,https://www.pro-football-reference.com/boxscores/202510050rav.htm
closed,2025,5,Sun,2025-10-05,4:25PM,9JtBk8kFeaGEs,Washington,Football Team,WAS,washington-commanders,was,SjaMbkmeizJD4,Los Angeles,Chargers,LAC,los-angeles-chargers,sdg,A,H,27,10,https://www.pro-football-reference.com/boxscores/202510050sdg.htm
closed,2025,5,Sun,2025-10-05,4:05PM,QMAZH1v922YLu,Tampa Bay,Buccaneers,TB,tampa-bay-buccaneers,tam,4M8AK5p0WXs1N,Seattle,Seahawks,SEA,seattle-seahawks,sea,A,H,38,35,https://www.pro-football-reference.com/boxscores/202510050sea.htm
closed,2025,5,Mon,2025-10-06,8:15PM,RtOjnciWkJPaL,Jacksonville,Jaguars,JAC,jacksonville-jaguars,jax,oiGiwWPf0UqMC,Kansas City,Chiefs,KC,kansas-city-chiefs,kan,H,A,31,28,https://www.pro-football-reference.com/boxscores/202510060jax.htm
closed,2025,6,Thu,2025-10-09,8:15PM,n8CuHV9wbYCqF,New York,Giants,NYG,new-york-giants,nyg,hjjmgzxilGWdr,Philadelphia,Eagles,PHI,philadelphia-eagles,phi,H,A,34,17,https://www.pro-football-reference.com/boxscores/202510090nyg.htm
closed,2025,6,Sun,2025-10-12,1:00PM,jJBGuksuDJF5L,Carolina,Panthers,CAR,carolina-panthers,car,KdjU81i7YSFE7,Dallas,Cowboys,DAL,dallas-cowboys,dal,H,A,30,27,https://www.pro-football-reference.com/boxscores/202510120car.htm
closed,2025,6,Sun,2025-10-12,1:00PM,LJmHetie5VbbO,Indianapolis,Colts,IND,indianapolis-colts,clt,GJizlkzQFaqGA,Arizona,Cardinals,ARI,arizona-cardinals,crd,H,A,31,27,https://www.pro-football-reference.com/boxscores/202510120clt.htm
closed,2025,6,Sun,2025-10-12,4:25PM,D5QY6bOxfn8ZL,Green Bay,Packers,GB,green-bay-packers,gnb,22ZdibiqvfA2D,Cincinnati,Bengals,CIN,cincinnati-bengals,cin,H,A,27,18,https://www.pro-football-reference.com/boxscores/202510120gnb.htm
closed,2025,6,Sun,2025-10-12,1:00PM,4M8AK5p0WXs1N,Seattle,Seahawks,SEA,seattle-seahawks,sea,RtOjnciWkJPaL,Jacksonville,Jaguars,JAC,jacksonville-jaguars,jax,A,H,20,12,https://www.pro-football-reference.com/boxscores/202510120jax.htm
closed,2025,6,Sun,2025-10-12,8:20PM,oiGiwWPf0UqMC,Kansas City,Chiefs,KC,kansas-city-chiefs,kan,FCuH1wdksA2DQ,Detroit,Lions,DET,detroit-lions,det,H,A,30,17,https://www.pro-football-reference.com/boxscores/202510120kan.htm
closed,2025,6,Sun,2025-10-12,1:00PM,SjaMbkmeizJD4,Los Angeles,Chargers,LAC,los-angeles-chargers,sdg,mfbu6O5aMHbJg,Miami,Dolphins,MIA,miami-dolphins,mia,A,H,29,27,https://www.pro-football-reference.com/boxscores/202510120mia.htm
closed,2025,6,Sun,2025-10-12,1:00PM,VkxV91RtzHn65,New England,Patriots,NE,new-england-patriots,nwe,CI5mhfNa0Zqd2,New Orleans,Saints,NO,new-orleans-saints,nor,A,H,25,19,https://www.pro-football-reference.com/boxscores/202510120nor.htm
closed,2025,6,Sun,2025-10-12,9:30AM,6DclFuycdPaOB,Denver,Broncos,DEN,denver-broncos,den,mexvMWO2v1hWn,New York,Jets,NYJ,new-york-jets,nyj,A,H,13,11,https://www.pro-football-reference.com/boxscores/202510120nyj.htm
closed,2025,6,Sun,2025-10-12,1:00PM,SlVgURDFI7EXX,Pittsburgh,Steelers,PIT,pittsburgh-steelers,pit,IR4gIYmh269EI,Cleveland,Browns,CLE,cleveland-browns,cle,H,A,23,9,https://www.pro-football-reference.com/boxscores/202510120pit.htm
closed,2025,6,Sun,2025-10-12,4:05PM,LZoDld8s63xUs,Las Vegas,Raiders,LV,las-vegas-raiders,rai,ltMyRE3yvVUaw,Tennessee,Titans,TEN,tennessee-titans,oti,H,A,20,10,https://www.pro-football-reference.com/boxscores/202510120rai.htm
closed,2025,6,Sun,2025-10-12,1:00PM,u98I1lDKQBwZ0,Los Angeles,Rams,LAR,los-angeles-rams,ram,zyhFXj1nywrm1,Baltimore,Ravens,BAL,baltimore-ravens,rav,A,H,17,3,https://www.pro-football-reference.com/boxscores/202510120rav.htm
closed,2025,6,Sun,2025-10-12,4:25PM,QMAZH1v922YLu,Tampa Bay,Buccaneers,TB,tampa-bay-buccaneers,tam,IwSI92ZDKoazn,San Francisco,49ers,SF,san-francisco-49ers,sfo,H,A,30,19,https://www.pro-football-reference.com/boxscores/202510120tam.htm
closed,2025,6,Mon,2025-10-13,7:15PM,mLspw4gJNTQGN,Atlanta,Falcons,ATL,atlanta-falcons,atl,3VqeLK0LS9rpw,Buffalo,Bills,BUF,buffalo-bills,buf,H,A,24,14,https://www.pro-football-reference.com/boxscores/202510130atl.htm
closed,2025,6,Mon,2025-10-13,8:15PM,1vVmWGzUZ1rea,Chicago,Bears,CHI,chicago-bears,chi,9JtBk8kFeaGEs,Washington,Football Team,WAS,washington-commanders,was,A,H,25,24,https://www.pro-football-reference.com/boxscores/202510130was.htm
closed,2025,7,Thu,2025-10-16,8:15PM,22ZdibiqvfA2D,Cincinnati,Bengals,CIN,cincinnati-bengals,cin,SlVgURDFI7EXX,Pittsburgh,Steelers,PIT,pittsburgh-steelers,pit,H,A,33,31,https://www.pro-football-reference.com/boxscores/202510160cin.htm
closed,2025,7,Sun,2025-10-19,1:00PM,1vVmWGzUZ1rea,Chicago,Bears,CHI,chicago-bears,chi,CI5mhfNa0Zqd2,New Orleans,Saints,NO,new-orleans-saints,nor,H,A,26,14,https://www.pro-football-reference.com/boxscores/202510190chi.htm
closed,2025,7,Sun,2025-10-19,1:00PM,IR4gIYmh269EI,Cleveland,Browns,CLE,cleveland-browns,cle,mfbu6O5aMHbJg,Miami,Dolphins,MIA,miami-dolphins,mia,H,A,31,6,https://www.pro-football-reference.com/boxscores/202510190cle.htm
closed,2025,7,Sun,2025-10-19,4:25PM,D5QY6bOxfn8ZL,Green Bay,Packers,GB,green-bay-packers,gnb,GJizlkzQFaqGA,Arizona,Cardinals,ARI,arizona-cardinals,crd,A,H,27,23,https://www.pro-football-reference.com/boxscores/202510190crd.htm
closed,2025,7,Sun,2025-10-19,4:25PM,KdjU81i7YSFE7,Dallas,Cowboys,DAL,dallas-cowboys,dal,9JtBk8kFeaGEs,Washington,Football Team,WAS,washington-commanders,was,H,A,44,22,https://www.pro-football-reference.com/boxscores/202510190dal.htm
closed,2025,7,Sun,2025-10-19,4:05PM,6DclFuycdPaOB,Denver,Broncos,DEN,denver-broncos,den,n8CuHV9wbYCqF,New York,Giants,NYG,new-york-giants,nyg,H,A,33,32,https://www.pro-football-reference.com/boxscores/202510190den.htm
closed,2025,7,Sun,2025-10-19,9:30AM,u98I1lDKQBwZ0,Los Angeles,Rams,LAR,los-angeles-rams,ram,RtOjnciWkJPaL,Jacksonville,Jaguars,JAC,jacksonville-jaguars,jax,A,H,35,7,https://www.pro-football-reference.com/boxscores/202510190jax.htm
closed,2025,7,Sun,2025-10-19,1:00PM,oiGiwWPf0UqMC,Kansas City,Chiefs,KC,kansas-city-chiefs,kan,LZoDld8s63xUs,Las Vegas,Raiders,LV,las-vegas-raiders,rai,H,A,31,0,https://www.pro-football-reference.com/boxscores/202510190kan.htm
closed,2025,7,Sun,2025-10-19,1:00PM,hjjmgzxilGWdr,Philadelphia,Eagles,PHI,philadelphia-eagles,phi,AzOs5UWsXusSW,Minnesota,Vikings,MIN,minnesota-vikings,min,A,H,28,22,https://www.pro-football-reference.com/boxscores/202510190min.htm
closed,2025,7,Sun,2025-10-19,1:00PM,jJBGuksuDJF5L,Carolina,Panthers,CAR,carolina-panthers,car,mexvMWO2v1hWn,New York,Jets,NYJ,new-york-jets,nyj,A,H,13,6,https://www.pro-football-reference.com/boxscores/202510190nyj.htm
closed,2025,7,Sun,2025-10-19,1:00PM,VkxV91RtzHn65,New England,Patriots,NE,new-england-patriots,nwe,ltMyRE3yvVUaw,Tennessee,Titans,TEN,tennessee-titans,oti,A,H,31,13,https://www.pro-football-reference.com/boxscores/202510190oti.htm
closed,2025,7,Sun,2025-10-19,4:05PM,LJmHetie5VbbO,Indianapolis,Colts,IND,indianapolis-colts,clt,SjaMbkmeizJD4,Los Angeles,Chargers,LAC,los-angeles-chargers,sdg,A,H,38,24,https://www.pro-football-reference.com/boxscores/202510190sdg.htm
closed,2025,7,Sun,2025-10-19,8:20PM,IwSI92ZDKoazn,San Francisco,49ers,SF,san-francisco-49ers,sfo,mLspw4gJNTQGN,Atlanta,Falcons,ATL,atlanta-falcons,atl,H,A,20,10,https://www.pro-football-reference.com/boxscores/202510190sfo.htm
closed,2025,7,Mon,2025-10-20,7:00PM,FCuH1wdksA2DQ,Detroit,Lions,DET,detroit-lions,det,QMAZH1v922YLu,Tampa Bay,Buccaneers,TB,tampa-bay-buccaneers,tam,H,A,24,9,https://www.pro-football-reference.com/boxscores/202510200det.htm
closed,2025,7,Mon,2025-10-20,10:00PM,4M8AK5p0WXs1N,Seattle,Seahawks,SEA,seattle-seahawks,sea,UI0Ax4HUEXFh6,Houston,Texans,HOU,houston-texans,htx,H,A,27,19,https://www.pro-football-reference.com/boxscores/202510200sea.htm
closed,2025,8,Thu,2025-10-23,8:15PM,SjaMbkmeizJD4,Los Angeles,Chargers,LAC,los-angeles-chargers,sdg,AzOs5UWsXusSW,Minnesota,Vikings,MIN,minnesota-vikings,min,H,A,37,10,https://www.pro-football-reference.com/boxscores/202510230sdg.htm
closed,2025,8,Sun,2025-10-26,1:00PM,mfbu6O5aMHbJg,Miami,Dolphins,MIA,miami-dolphins,mia,mLspw4gJNTQGN,Atlanta,Falcons,ATL,atlanta-falcons,atl,A,H,34,10,https://www.pro-football-reference.com/boxscores/202510260atl.htm
closed,2025,8,Sun,2025-10-26,1:00PM,3VqeLK0LS9rpw,Buffalo,Bills,BUF,buffalo-bills,buf,jJBGuksuDJF5L,Carolina,Panthers,CAR,carolina-panthers,car,A,H,40,9,https://www.pro-football-reference.com/boxscores/202510260car.htm
closed,2025,8,Sun,2025-10-26,1:00PM,mexvMWO2v1hWn,New York,Jets,NYJ,new-york-jets,nyj,22ZdibiqvfA2D,Cincinnati,Bengals,CIN,cincinnati-bengals,cin,A,H,39,38,https://www.pro-football-reference.com/boxscores/202510260cin.htm
closed,2025,8,Sun,2025-10-26,4:25PM,LJmHetie5VbbO,Indianapolis,Colts,IND,indianapolis-colts,clt,ltMyRE3yvVUaw,Tennessee,Titans,TEN,tennessee-titans,oti,H,A,38,14,https://www.pro-football-reference.com/boxscores/202510260clt.htm
closed,2025,8,Sun,2025-10-26,4:25PM,6DclFuycdPaOB,Denver,Broncos,DEN,denver-broncos,den,KdjU81i7YSFE7,Dallas,Cowboys,DAL,dallas-cowboys,dal,H,A,44,24,https://www.pro-football-reference.com/boxscores/202510260den.htm
closed,2025,8,Sun,2025-10-26,1:00PM,UI0Ax4HUEXFh6,Houston,Texans,HOU,houston-texans,htx,IwSI92ZDKoazn,San Francisco,49ers,SF,san-francisco-49ers,sfo,H,A,26,15,https://www.pro-football-reference.com/boxscores/202510260htx.htm
closed,2025,8,Sun,2025-10-26,4:05PM,QMAZH1v922YLu,Tampa Bay,Buccaneers,TB,tampa-bay-buccaneers,tam,CI5mhfNa0Zqd2,New Orleans,Saints,NO,new-orleans-saints,nor,A,H,23,3,https://www.pro-football-reference.com/boxscores/202510260nor.htm
closed,2025,8,Sun,2025-10-26,1:00PM,VkxV91RtzHn65,New England,Patriots,NE,new-england-patriots,nwe,IR4gIYmh269EI,Cleveland,Browns,CLE,cleveland-browns,cle,H,A,32,13,https://www.pro-football-reference.com/boxscores/202510260nwe.htm
closed,2025,8,Sun,2025-10-26,1:00PM,hjjmgzxilGWdr,Philadelphia,Eagles,PHI,philadelphia-eagles,phi,n8CuHV9wbYCqF,New York,Giants,NYG,new-york-giants,nyg,H,A,38,20,https://www.pro-football-reference.com/boxscores/202510260phi.htm
closed,2025,8,Sun,2025-10-26,8:20PM,D5QY6bOxfn8ZL,Green Bay,Packers,GB,green-bay-packers,gnb,SlVgURDFI7EXX,Pittsburgh,Steelers,PIT,pittsburgh-steelers,pit,A,H,35,25,https://www.pro-football-reference.com/boxscores/202510260pit.htm
closed,2025,8,Sun,2025-10-26,1:00PM,zyhFXj1nywrm1,Baltimore,Ravens,BAL,baltimore-ravens,rav,1vVmWGzUZ1rea,Chicago,Bears,CHI,chicago-bears,chi,H,A,30,16,https://www.pro-football-reference.com/boxscores/202510260rav.htm
closed,2025,8,Mon,2025-10-27,8:15PM,oiGiwWPf0UqMC,Kansas City,Chiefs,KC,kansas-city-chiefs,kan,9JtBk8kFeaGEs,Washington,Football Team,WAS,washington-commanders,was,H,A,28,7,https://www.pro-football-reference.com/boxscores/202510270kan.htm
closed,2025,9,Thu,2025-10-30,8:15PM,zyhFXj1nywrm1,Baltimore,Ravens,BAL,baltimore-ravens,rav,mfbu6O5aMHbJg,Miami,Dolphins,MIA,miami-dolphins,mia,A,H,28,6,https://www.pro-football-reference.com/boxscores/202510300mia.htm
closed,2025,9,Sun,2025-11-02,4:25PM,3VqeLK0LS9rpw,Buffalo,Bills,BUF,buffalo-bills,buf,oiGiwWPf0UqMC,Kansas City,Chiefs,KC,kansas-city-chiefs,kan,H,A,28,21,https://www.pro-football-reference.com/boxscores/202511020buf.htm
closed,2025,9,Sun,2025-11-02,1:00PM,1vVmWGzUZ1rea,Chicago,Bears,CHI,chicago-bears,chi,22ZdibiqvfA2D,Cincinnati,Bengals,CIN,cincinnati-bengals,cin,A,H,47,42,https://www.pro-football-reference.com/boxscores/202511020cin.htm
closed,2025,9,Sun,2025-11-02,1:00PM,AzOs5UWsXusSW,Minnesota,Vikings,MIN,minnesota-vikings,min,FCuH1wdksA2DQ,Detroit,Lions,DET,detroit-lions,det,A,H,27,24,https://www.pro-football-reference.com/boxscores/202511020det.htm
closed,2025,9,Sun,2025-11-02,1:00PM,jJBGuksuDJF5L,Carolina,Panthers,CAR,carolina-panthers,car,D5QY6bOxfn8ZL,Green Bay,Packers,GB,green-bay-packers,gnb,A,H,16,13,https://www.pro-football-reference.com/boxscores/202511020gnb.htm
closed,2025,9,Sun,2025-11-02,1:00PM,6DclFuycdPaOB,Denver,Broncos,DEN,denver-broncos,den,UI0Ax4HUEXFh6,Houston,Texans,HOU,houston-texans,htx,A,H,18,15,https://www.pro-football-reference.com/boxscores/202511020htx.htm
closed,2025,9,Sun,2025-11-02,1:00PM,VkxV91RtzHn65,New England,Patriots,NE,new-england-patriots,nwe,mLspw4gJNTQGN,Atlanta,Falcons,ATL,atlanta-falcons,atl,H,A,24,23,https://www.pro-football-reference.com/boxscores/202511020nwe.htm
closed,2025,9,Sun,2025-11-02,1:00PM,IwSI92ZDKoazn,San Francisco,49ers,SF,san-francisco-49ers,sfo,n8CuHV9wbYCqF,New York,Giants,NYG,new-york-giants,nyg,A,H,34,24,https://www.pro-football-reference.com/boxscores/202511020nyg.htm
closed,2025,9,Sun,2025-11-02,1:00PM,SjaMbkmeizJD4,Los Angeles,Chargers,LAC,los-angeles-chargers,sdg,ltMyRE3yvVUaw,Tennessee,Titans,TEN,tennessee-titans,oti,A,H,27,20,https://www.pro-football-reference.com/boxscores/202511020oti.htm
closed,2025,9,Sun,2025-11-02,1:00PM,SlVgURDFI7EXX,Pittsburgh,Steelers,PIT,pittsburgh-steelers,pit,LJmHetie5VbbO,Indianapolis,Colts,IND,indianapolis-colts,clt,H,A,27,20,https://www.pro-football-reference.com/boxscores/202511020pit.htm
closed,2025,9,Sun,2025-11-02,4:05PM,RtOjnciWkJPaL,Jacksonville,Jaguars,JAC,jacksonville-jaguars,jax,LZoDld8s63xUs,Las Vegas,Raiders,LV,las-vegas-raiders,rai,A,H,30,29,https://www.pro-football-reference.com/boxscores/202511020rai.htm
closed,2025,9,Sun,2025-11-02,4:05PM,u98I1lDKQBwZ0,Los Angeles,Rams,LAR,los-angeles-rams,ram,CI5mhfNa0Zqd2,New Orleans,Saints,NO,new-orleans-saints,nor,H,A,34,10,https://www.pro-football-reference.com/boxscores/202511020ram.htm
closed,2025,9,Sun,2025-11-02,8:20PM,4M8AK5p0WXs1N,Seattle,Seahawks,SEA,seattle-seahawks,sea,9JtBk8kFeaGEs,Washington,Football Team,WAS,washington-commanders,was,A,H,38,14,https://www.pro-football-reference.com/boxscores/202511020was.htm
closed,2025,9,Mon,2025-11-03,8:15PM,GJizlkzQFaqGA,Arizona,Cardinals,ARI,arizona-cardinals,crd,KdjU81i7YSFE7,Dallas,Cowboys,DAL,dallas-cowboys,dal,A,H,27,17,https://www.pro-football-reference.com/boxscores/202511030dal.htm
closed,2025,10,Thu,2025-11-06,8:15PM,6DclFuycdPaOB,Denver,Broncos,DEN,denver-broncos,den,LZoDld8s63xUs,Las Vegas,Raiders,LV,las-vegas-raiders,rai,H,A,10,7,https://www.pro-football-reference.com/boxscores/202511060den.htm
closed,2025,10,Sun,2025-11-09,1:00PM,CI5mhfNa0Zqd2,New Orleans,Saints,NO,new-orleans-saints,nor,jJBGuksuDJF5L,Carolina,Panthers,CAR,carolina-panthers,car,A,H,17,7,https://www.pro-football-reference.com/boxscores/202511090car.htm
closed,2025,10,Sun,2025-11-09,1:00PM,1vVmWGzUZ1rea,Chicago,Bears,CHI,chicago-bears,chi,n8CuHV9wbYCqF,New York,Giants,NYG,new-york-giants,nyg,H,A,24,20,https://www.pro-football-reference.com/boxscores/202511090chi.htm
closed,2025,10,Sun,2025-11-09,9:30AM,LJmHetie5VbbO,Indianapolis,Colts,IND,indianapolis-colts,clt,mLspw4gJNTQGN,Atlanta,Falcons,ATL,atlanta-falcons,atl,H,A,31,25,https://www.pro-football-reference.com/boxscores/202511090clt.htm
closed,2025,10,Sun,2025-11-09,1:00PM,UI0Ax4HUEXFh6,Houston,Texans,HOU,houston-texans,htx,RtOjnciWkJPaL,Jacksonville,Jaguars,JAC,jacksonville-jaguars,jax,H,A,36,29,https://www.pro-football-reference.com/boxscores/202511090htx.htm
closed,2025,10,Sun,2025-11-09,1:00PM,mfbu6O5aMHbJg,Miami,Dolphins,MIA,miami-dolphins,mia,3VqeLK0LS9rpw,Buffalo,Bills,BUF,buffalo-bills,buf,H,A,30,13,https://www.pro-football-reference.com/boxscores/202511090mia.htm
closed,2025,10,Sun,2025-11-09,1:00PM,zyhFXj1nywrm1,Baltimore,Ravens,BAL,baltimore-ravens,rav,AzOs5UWsXusSW,Minnesota,Vikings,MIN,minnesota-vikings,min,A,H,27,19,https://www.pro-football-reference.com/boxscores/202511090min.htm
closed,2025,10,Sun,2025-11-09,1:00PM,mexvMWO2v1hWn,New York,Jets,NYJ,new-york-jets,nyj,IR4gIYmh269EI,Cleveland,Browns,CLE,cleveland-browns,cle,H,A,27,20,https://www.pro-football-reference.com/boxscores/202511090nyj.htm
closed,2025,10,Sun,2025-11-09,8:20PM,SjaMbkmeizJD4,Los Angeles,Chargers,LAC,los-angeles-chargers,sdg,SlVgURDFI7EXX,Pittsburgh,Steelers,PIT,pittsburgh-steelers,pit,H,A,25,10,https://www.pro-football-reference.com/boxscores/202511090sdg.htm
closed,2025,10,Sun,2025-11-09,4:05PM,4M8AK5p0WXs1N,Seattle,Seahawks,SEA,seattle-seahawks,sea,GJizlkzQFaqGA,Arizona,Cardinals,ARI,arizona-cardinals,crd,H,A,44,22,https://www.pro-football-reference.com/boxscores/202511090sea.htm
closed,2025,10,Sun,2025-11-09,4:25PM,u98I1lDKQBwZ0,Los Angeles,Rams,LAR,los-angeles-rams,ram,IwSI92ZDKoazn,San Francisco,49ers,SF,san-francisco-49ers,sfo,A,H,42,26,https://www.pro-football-reference.com/boxscores/202511090sfo.htm
closed,2025,10,Sun,2025-11-09,1:00PM,VkxV91RtzHn65,New England,Patriots,NE,new-england-patriots,nwe,QMAZH1v922YLu,Tampa Bay,Buccaneers,TB,tampa-bay-buccaneers,tam,A,H,28,23,https://www.pro-football-reference.com/boxscores/202511090tam.htm
closed,2025,10,Sun,2025-11-09,4:25PM,FCuH1wdksA2DQ,Detroit,Lions,DET,detroit-lions,det,9JtBk8kFeaGEs,Washington,Football Team,WAS,washington-commanders,was,A,H,44,22,https://www.pro-football-reference.com/boxscores/202511090was.htm
closed,2025,10,Mon,2025-11-10,8:15PM,hjjmgzxilGWdr,Philadelphia,Eagles,PHI,philadelphia-eagles,phi,D5QY6bOxfn8ZL,Green Bay,Packers,GB,green-bay-packers,gnb,A,H,10,7,https://www.pro-football-reference.com/boxscores/202511100gnb.htm
closed,2025,11,Thu,2025-11-13,8:15PM,VkxV91RtzHn65,New England,Patriots,NE,new-england-patriots,nwe,mexvMWO2v1hWn,New York,Jets,NYJ,new-york-jets,nyj,H,A,27,14,https://www.pro-football-reference.com/boxscores/202511130nwe.htm
closed,2025,11,Sun,2025-11-16,1:00PM,jJBGuksuDJF5L,Carolina,Panthers,CAR,carolina-panthers,car,mLspw4gJNTQGN,Atlanta,Falcons,ATL,atlanta-falcons,atl,A,H,30,27,https://www.pro-football-reference.com/boxscores/202511160atl.htm
closed,2025,11,Sun,2025-11-16,1:00PM,3VqeLK0LS9rpw,Buffalo,Bills,BUF,buffalo-bills,buf,QMAZH1v922YLu,Tampa Bay,Buccaneers,TB,tampa-bay-buccaneers,tam,H,A,44,32,https://www.pro-football-reference.com/boxscores/202511160buf.htm
closed,2025,11,Sun,2025-11-16,4:25PM,zyhFXj1nywrm1,Baltimore,Ravens,BAL,baltimore-ravens,rav,IR4gIYmh269EI,Cleveland,Browns,CLE,cleveland-browns,cle,A,H,23,16,https://www.pro-football-reference.com/boxscores/202511160cle.htm
closed,2025,11,Sun,2025-11-16,4:05PM,IwSI92ZDKoazn,San Francisco,49ers,SF,san-francisco-49ers,sfo,GJizlkzQFaqGA,Arizona,Cardinals,ARI,arizona-cardinals,crd,A,H,41,22,https://www.pro-football-reference.com/boxscores/202511160crd.htm
closed,2025,11,Sun,2025-11-16,4:25PM,6DclFuycdPaOB,Denver,Broncos,DEN,denver-broncos,den,oiGiwWPf0UqMC,Kansas City,Chiefs,KC,kansas-city-chiefs,kan,H,A,22,19,https://www.pro-football-reference.com/boxscores/202511160den.htm
closed,2025,11,Sun,2025-11-16,1:00PM,RtOjnciWkJPaL,Jacksonville,Jaguars,JAC,jacksonville-jaguars,jax,SjaMbkmeizJD4,Los Angeles,Chargers,LAC,los-angeles-chargers,sdg,H,A,35,6,https://www.pro-football-reference.com/boxscores/202511160jax.htm
closed,2025,11,Sun,2025-11-16,9:30AM,mfbu6O5aMHbJg,Miami,Dolphins,MIA,miami-dolphins,mia,9JtBk8kFeaGEs,Washington,Football Team,WAS,washington-commanders,was,H,A,16,13,https://www.pro-football-reference.com/boxscores/202511160mia.htm
closed,2025,11,Sun,2025-11-16,1:00PM,1vVmWGzUZ1rea,Chicago,Bears,CHI,chicago-bears,chi,AzOs5UWsXusSW,Minnesota,Vikings,MIN,minnesota-vikings,min,A,H,19,17,https://www.pro-football-reference.com/boxscores/202511160min.htm
closed,2025,11,Sun,2025-11-16,1:00PM,D5QY6bOxfn8ZL,Green Bay,Packers,GB,green-bay-packers,gnb,n8CuHV9wbYCqF,New York,Giants,NYG,new-york-giants,nyg,A,H,27,20,https://www.pro-football-reference.com/boxscores/202511160nyg.htm
closed,2025,11,Sun,2025-11-16,1:00PM,UI0Ax4HUEXFh6,Houston,Texans,HOU,houston-texans,htx,ltMyRE3yvVUaw,Tennessee,Titans,TEN,tennessee-titans,oti,A,H,16,13,https://www.pro-football-reference.com/boxscores/202511160oti.htm
closed,2025,11,Sun,2025-11-16,8:20PM,hjjmgzxilGWdr,Philadelphia,Eagles,PHI,philadelphia-eagles,phi,FCuH1wdksA2DQ,Detroit,Lions,DET,detroit-lions,det,H,A,16,9,https://www.pro-football-reference.com/boxscores/202511160phi.htm
closed,2025,11,Sun,2025-11-16,1:00PM,SlVgURDFI7EXX,Pittsburgh,Steelers,PIT,pittsburgh-steelers,pit,22ZdibiqvfA2D,Cincinnati,Bengals,CIN,cincinnati-bengals,cin,H,A,34,12,https://www.pro-football-reference.com/boxscores/202511160pit.htm
closed,2025,11,Sun,2025-11-16,4:05PM,u98I1lDKQBwZ0,Los Angeles,Rams,LAR,los-angeles-rams,ram,4M8AK5p0WXs1N,Seattle,Seahawks,SEA,seattle-seahawks,sea,H,A,21,19,https://www.pro-football-reference.com/boxscores/202511160ram.htm
closed,2025,11,Mon,2025-11-17,8:15PM,KdjU81i7YSFE7,Dallas,Cowboys,DAL,dallas-cowboys,dal,LZoDld8s63xUs,Las Vegas,Raiders,LV,las-vegas-raiders,rai,A,H,33,16,https://www.pro-football-reference.com/boxscores/202511170rai.htm
closed,2025,12,Thu,2025-11-20,8:15PM,UI0Ax4HUEXFh6,Houston,Texans,HOU,houston-texans,htx,3VqeLK0LS9rpw,Buffalo,Bills,BUF,buffalo-bills,buf,H,A,23,19,https://www.pro-football-reference.com/boxscores/202511200htx.htm
closed,2025,12,Sun,2025-11-23,1:00PM,1vVmWGzUZ1rea,Chicago,Bears,CHI,chicago-bears,chi,SlVgURDFI7EXX,Pittsburgh,Steelers,PIT,pittsburgh-steelers,pit,H,A,31,28,https://www.pro-football-reference.com/boxscores/202511230chi.htm
closed,2025,12,Sun,2025-11-23,1:00PM,VkxV91RtzHn65,New England,Patriots,NE,new-england-patriots,nwe,22ZdibiqvfA2D,Cincinnati,Bengals,CIN,cincinnati-bengals,cin,A,H,26,20,https://www.pro-football-reference.com/boxscores/202511230cin.htm
closed,2025,12,Sun,2025-11-23,4:05PM,RtOjnciWkJPaL,Jacksonville,Jaguars,JAC,jacksonville-jaguars,jax,GJizlkzQFaqGA,Arizona,Cardinals,ARI,arizona-cardinals,crd,A,H,27,24,https://www.pro-football-reference.com/boxscores/202511230crd.htm
closed,2025,12,Sun,2025-11-23,4:25PM,KdjU81i7YSFE7,Dallas,Cowboys,DAL,dallas-cowboys,dal,hjjmgzxilGWdr,Philadelphia,Eagles,PHI,philadelphia-eagles,phi,H,A,24,21,https://www.pro-football-reference.com/boxscores/202511230dal.htm
closed,2025,12,Sun,2025-11-23,1:00PM,FCuH1wdksA2DQ,Detroit,Lions,DET,detroit-lions,det,n8CuHV9wbYCqF,New York,Giants,NYG,new-york-giants,nyg,H,A,34,27,https://www.pro-football-reference.com/boxscores/202511230det.htm
closed,2025,12,Sun,2025-11-23,1:00PM,D5QY6bOxfn8ZL,Green Bay,Packers,GB,green-bay-packers,gnb,AzOs5UWsXusSW,Minnesota,Vikings,MIN,minnesota-vikings,min,H,A,23,6,https://www.pro-football-reference.com/boxscores/202511230gnb.htm
closed,2025,12,Sun,2025-11-23,1:00PM,oiGiwWPf0UqMC,Kansas City,Chiefs,KC,kansas-city-chiefs,kan,LJmHetie5VbbO,Indianapolis,Colts,IND,indianapolis-colts,clt,H,A,23,20,https://www.pro-football-reference.com/boxscores/202511230kan.htm
closed,2025,12,Sun,2025-11-23,4:25PM,mLspw4gJNTQGN,Atlanta,Falcons,ATL,atlanta-falcons,atl,CI5mhfNa0Zqd2,New Orleans,Saints,NO,new-orleans-saints,nor,A,H,24,10,https://www.pro-football-reference.com/boxscores/202511230nor.htm
closed,2025,12,Sun,2025-11-23,1:00PM,4M8AK5p0WXs1N,Seattle,Seahawks,SEA,seattle-seahawks,sea,ltMyRE3yvVUaw,Tennessee,Titans,TEN,tennessee-titans,oti,A,H,30,24,https://www.pro-football-reference.com/boxscores/202511230oti.htm
closed,2025,12,Sun,2025-11-23,4:05PM,IR4gIYmh269EI,Cleveland,Browns,CLE,cleveland-browns,cle,LZoDld8s63xUs,Las Vegas,Raiders,LV,las-vegas-raiders,rai,A,H,24,10,https://www.pro-football-reference.com/boxscores/202511230rai.htm
closed,2025,12,Sun,2025-11-23,8:20PM,u98I1lDKQBwZ0,Los Angeles,Rams,LAR,los-angeles-rams,ram,QMAZH1v922YLu,Tampa Bay,Buccaneers,TB,tampa-bay-buccaneers,tam,H,A,34,7,https://www.pro-football-reference.com/boxscores/202511230ram.htm
closed,2025,12,Sun,2025-11-23,1:00PM,zyhFXj1nywrm1,Baltimore,Ravens,BAL,baltimore-ravens,rav,mexvMWO2v1hWn,New York,Jets,NYJ,new-york-jets,nyj,H,A,23,10,https://www.pro-football-reference.com/boxscores/202511230rav.htm
closed,2025,12,Mon,2025-11-24,8:15PM,IwSI92ZDKoazn,San Francisco,49ers,SF,san-francisco-49ers,sfo,jJBGuksuDJF5L,Carolina,Panthers,CAR,carolina-panthers,car,H,A,20,9,https://www.pro-football-reference.com/boxscores/202511240sfo.htm
closed,2025,13,Thu,2025-11-27,4:30PM,KdjU81i7YSFE7,Dallas,Cowboys,DAL,dallas-cowboys,dal,oiGiwWPf0UqMC,Kansas City,Chiefs,KC,kansas-city-chiefs,kan,H,A,31,28,https://www.pro-football-reference.com/boxscores/202511270dal.htm
closed,2025,13,Thu,2025-11-27,1:00PM,D5QY6bOxfn8ZL,Green Bay,Packers,GB,green-bay-packers,gnb,FCuH1wdksA2DQ,Detroit,Lions,DET,detroit-lions,det,A,H,31,24,https://www.pro-football-reference.com/boxscores/202511270det.htm
closed,2025,13,Thu,2025-11-27,8:20PM,22ZdibiqvfA2D,Cincinnati,Bengals,CIN,cincinnati-bengals,cin,zyhFXj1nywrm1,Baltimore,Ravens,BAL,baltimore-ravens,rav,A,H,32,14,https://www.pro-football-reference.com/boxscores/202511270rav.htm
closed,2025,13,Fri,2025-11-28,3:00PM,1vVmWGzUZ1rea,Chicago,Bears,CHI,chicago-bears,chi,hjjmgzxilGWdr,Philadelphia,Eagles,PHI,philadelphia-eagles,phi,A,H,24,15,https://www.pro-football-reference.com/boxscores/202511280phi.htm
closed,2025,13,Sun,2025-11-30,1:00PM,jJBGuksuDJF5L,Carolina,Panthers,CAR,carolina-panthers,car,u98I1lDKQBwZ0,Los Angeles,Rams,LAR,los-angeles-rams,ram,H,A,31,28,https://www.pro-football-reference.com/boxscores/202511300car.htm
closed,2025,13,Sun,2025-11-30,1:00PM,IwSI92ZDKoazn,San Francisco,49ers,SF,san-francisco-49ers,sfo,IR4gIYmh269EI,Cleveland,Browns,CLE,cleveland-browns,cle,A,H,26,8,https://www.pro-football-reference.com/boxscores/202511300cle.htm
closed,2025,13,Sun,2025-11-30,1:00PM,UI0Ax4HUEXFh6,Houston,Texans,HOU,houston-texans,htx,LJmHetie5VbbO,Indianapolis,Colts,IND,indianapolis-colts,clt,A,H,20,16,https://www.pro-football-reference.com/boxscores/202511300clt.htm
closed,2025,13,Sun,2025-11-30,1:00PM,mfbu6O5aMHbJg,Miami,Dolphins,MIA,miami-dolphins,mia,CI5mhfNa0Zqd2,New Orleans,Saints,NO,new-orleans-saints,nor,H,A,21,17,https://www.pro-football-reference.com/boxscores/202511300mia.htm
closed,2025,13,Sun,2025-11-30,1:00PM,mexvMWO2v1hWn,New York,Jets,NYJ,new-york-jets,nyj,mLspw4gJNTQGN,Atlanta,Falcons,ATL,atlanta-falcons,atl,H,A,27,24,https://www.pro-football-reference.com/boxscores/202511300nyj.htm
closed,2025,13,Sun,2025-11-30,1:00PM,RtOjnciWkJPaL,Jacksonville,Jaguars,JAC,jacksonville-jaguars,jax,ltMyRE3yvVUaw,Tennessee,Titans,TEN,tennessee-titans,oti,A,H,25,3,https://www.pro-football-reference.com/boxscores/202511300oti.htm
closed,2025,13,Sun,2025-11-30,4:25PM,3VqeLK0LS9rpw,Buffalo,Bills,BUF,buffalo-bills,buf,SlVgURDFI7EXX,Pittsburgh,Steelers,PIT,pittsburgh-steelers,pit,A,H,26,7,https://www.pro-football-reference.com/boxscores/202511300pit.htm
closed,2025,13,Sun,2025-11-30,4:25PM,SjaMbkmeizJD4,Los Angeles,Chargers,LAC,los-angeles-chargers,sdg,LZoDld8s63xUs,Las Vegas,Raiders,LV,las-vegas-raiders,rai,H,A,31,14,https://www.pro-football-reference.com/boxscores/202511300sdg.htm
closed,2025,13,Sun,2025-11-30,4:05PM,4M8AK5p0WXs1N,Seattle,Seahawks,SEA,seattle-seahawks,sea,AzOs5UWsXusSW,Minnesota,Vikings,MIN,minnesota-vikings,min,H,A,26,0,https://www.pro-football-reference.com/boxscores/202511300sea.htm
closed,2025,13,Sun,2025-11-30,1:00PM,QMAZH1v922YLu,Tampa Bay,Buccaneers,TB,tampa-bay-buccaneers,tam,GJizlkzQFaqGA,Arizona,Cardinals,ARI,arizona-cardinals,crd,H,A,20,17,https://www.pro-football-reference.com/boxscores/202511300tam.htm
closed,2025,13,Sun,2025-11-30,8:20PM,6DclFuycdPaOB,Denver,Broncos,DEN,denver-broncos,den,9JtBk8kFeaGEs,Washington,Football Team,WAS,washington-commanders,was,A,H,27,26,https://www.pro-football-reference.com/boxscores/202511300was.htm
closed,2025,13,Mon,2025-12-01,8:15PM,VkxV91RtzHn65,New England,Patriots,NE,new-england-patriots,nwe,n8CuHV9wbYCqF,New York,Giants,NYG,new-york-giants,nyg,H,A,33,15,https://www.pro-football-reference.com/boxscores/202512010nwe.htm
closed,2025,14,Thu,2025-12-04,8:15PM,FCuH1wdksA2DQ,Detroit,Lions,DET,detroit-lions,det,KdjU81i7YSFE7,Dallas,Cowboys,DAL,dallas-cowboys,dal,H,A,44,30,https://www.pro-football-reference.com/boxscores/202512040det.htm
closed,2025,14,Sun,2025-12-07,1:00PM,4M8AK5p0WXs1N,Seattle,Seahawks,SEA,seattle-seahawks,sea,mLspw4gJNTQGN,Atlanta,Falcons,ATL,atlanta-falcons,atl,A,H,37,9,https://www.pro-football-reference.com/boxscores/202512070atl.htm
closed,2025,14,Sun,2025-12-07,1:00PM,3VqeLK0LS9rpw,Buffalo,Bills,BUF,buffalo-bills,buf,22ZdibiqvfA2D,Cincinnati,Bengals,CIN,cincinnati-bengals,cin,H,A,39,34,https://www.pro-football-reference.com/boxscores/202512070buf.htm
closed,2025,14,Sun,2025-12-07,1:00PM,ltMyRE3yvVUaw,Tennessee,Titans,TEN,tennessee-titans,oti,IR4gIYmh269EI,Cleveland,Browns,CLE,cleveland-browns,cle,A,H,31,29,https://www.pro-football-reference.com/boxscores/202512070cle.htm
closed,2025,14,Sun,2025-12-07,4:25PM,u98I1lDKQBwZ0,Los Angeles,Rams,LAR,los-angeles-rams,ram,GJizlkzQFaqGA,Arizona,Cardinals,ARI,arizona-cardinals,crd,A,H,45,17,https://www.pro-football-reference.com/boxscores/202512070crd.htm
closed,2025,14,Sun,2025-12-07,4:25PM,D5QY6bOxfn8ZL,Green Bay,Packers,GB,green-bay-packers,gnb,1vVmWGzUZ1rea,Chicago,Bears,CHI,chicago-bears,chi,H,A,28,21,https://www.pro-football-reference.com/boxscores/202512070gnb.htm
closed,2025,14,Sun,2025-12-07,1:00PM,RtOjnciWkJPaL,Jacksonville,Jaguars,JAC,jacksonville-jaguars,jax,LJmHetie5VbbO,Indianapolis,Colts,IND,indianapolis-colts,clt,H,A,36,19,https://www.pro-football-reference.com/boxscores/202512070jax.htm
closed,2025,14,Sun,2025-12-07,8:20PM,UI0Ax4HUEXFh6,Houston,Texans,HOU,houston-texans,htx,oiGiwWPf0UqMC,Kansas City,Chiefs,KC,kansas-city-chiefs,kan,A,H,20,10,https://www.pro-football-reference.com/boxscores/202512070kan.htm
closed,2025,14,Sun,2025-12-07,1:00PM,AzOs5UWsXusSW,Minnesota,Vikings,MIN,minnesota-vikings,min,9JtBk8kFeaGEs,Washington,Football Team,WAS,washington-commanders,was,H,A,31,0,https://www.pro-football-reference.com/boxscores/202512070min.htm
closed,2025,14,Sun,2025-12-07,1:00PM,mfbu6O5aMHbJg,Miami,Dolphins,MIA,miami-dolphins,mia,mexvMWO2v1hWn,New York,Jets,NYJ,new-york-jets,nyj,A,H,34,10,https://www.pro-football-reference.com/boxscores/202512070nyj.htm
closed,2025,14,Sun,2025-12-07,4:05PM,6DclFuycdPaOB,Denver,Broncos,DEN,denver-broncos,den,LZoDld8s63xUs,Las Vegas,Raiders,LV,las-vegas-raiders,rai,A,H,24,17,https://www.pro-football-reference.com/boxscores/202512070rai.htm
closed,2025,14,Sun,2025-12-07,1:00PM,SlVgURDFI7EXX,Pittsburgh,Steelers,PIT,pittsburgh-steelers,pit,zyhFXj1nywrm1,Baltimore,Ravens,BAL,baltimore-ravens,rav,A,H,27,22,https://www.pro-football-reference.com/boxscores/202512070rav.htm
closed,2025,14,Sun,2025-12-07,1:00PM,CI5mhfNa0Zqd2,New Orleans,Saints,NO,new-orleans-saints,nor,QMAZH1v922YLu,Tampa Bay,Buccaneers,TB,tampa-bay-buccaneers,tam,A,H,24,20,https://www.pro-football-reference.com/boxscores/202512070tam.htm
closed,2025,14,Mon,2025-12-08,8:15PM,SjaMbkmeizJD4,Los Angeles,Chargers,LAC,los-angeles-chargers,sdg,hjjmgzxilGWdr,Philadelphia,Eagles,PHI,philadelphia-eagles,phi,H,A,22,19,https://www.pro-football-reference.com/boxscores/202512080sdg.htm
closed,2025,15,Thu,2025-12-11,8:15PM,mLspw4gJNTQGN,Atlanta,Falcons,ATL,atlanta-falcons,atl,QMAZH1v922YLu,Tampa Bay,Buccaneers,TB,tampa-bay-buccaneers,tam,A,H,29,28,https://www.pro-football-reference.com/boxscores/202512110tam.htm
closed,2025,15,Sun,2025-12-14,1:00PM,1vVmWGzUZ1rea,Chicago,Bears,CHI,chicago-bears,chi,IR4gIYmh269EI,Cleveland,Browns,CLE,cleveland-browns,cle,H,A,31,3,https://www.pro-football-reference.com/boxscores/202512140chi.htm
closed,2025,15,Sun,2025-12-14,1:00PM,zyhFXj1nywrm1,Baltimore,Ravens,BAL,baltimore-ravens,rav,22ZdibiqvfA2D,Cincinnati,Bengals,CIN,cincinnati-bengals,cin,A,H,24,0,https://www.pro-football-reference.com/boxscores/202512140cin.htm
closed,2025,15,Sun,2025-12-14,8:20PM,AzOs5UWsXusSW,Minnesota,Vikings,MIN,minnesota-vikings,min,KdjU81i7YSFE7,Dallas,Cowboys,DAL,dallas-cowboys,dal,A,H,34,26,https://www.pro-football-reference.com/boxscores/202512140dal.htm
closed,2025,15,Sun,2025-12-14,4:25PM,6DclFuycdPaOB,Denver,Broncos,DEN,denver-broncos,den,D5QY6bOxfn8ZL,Green Bay,Packers,GB,green-bay-packers,gnb,H,A,34,26,https://www.pro-football-reference.com/boxscores/202512140den.htm
closed,2025,15,Sun,2025-12-14,1:00PM,UI0Ax4HUEXFh6,Houston,Texans,HOU,houston-texans,htx,GJizlkzQFaqGA,Arizona,Cardinals,ARI,arizona-cardinals,crd,H,A,40,20,https://www.pro-football-reference.com/boxscores/202512140htx.htm
closed,2025,15,Sun,2025-12-14,1:00PM,RtOjnciWkJPaL,Jacksonville,Jaguars,JAC,jacksonville-jaguars,jax,mexvMWO2v1hWn,New York,Jets,NYJ,new-york-jets,nyj,H,A,48,20,https://www.pro-football-reference.com/boxscores/202512140jax.htm
closed,2025,15,Sun,2025-12-14,1:00PM,SjaMbkmeizJD4,Los Angeles,Chargers,LAC,los-angeles-chargers,sdg,oiGiwWPf0UqMC,Kansas City,Chiefs,KC,kansas-city-chiefs,kan,A,H,16,13,https://www.pro-football-reference.com/boxscores/202512140kan.htm
closed,2025,15,Sun,2025-12-14,4:25PM,CI5mhfNa0Zqd2,New Orleans,Saints,NO,new-orleans-saints,nor,jJBGuksuDJF5L,Carolina,Panthers,CAR,carolina-panthers,car,H,A,20,17,https://www.pro-football-reference.com/boxscores/202512140nor.htm
closed,2025,15,Sun,2025-12-14,1:00PM,3VqeLK0LS9rpw,Buffalo,Bills,BUF,buffalo-bills,buf,VkxV91RtzHn65,New England,Patriots,NE,new-england-patriots,nwe,A,H,35,31,https://www.pro-football-reference.com/boxscores/202512140nwe.htm
closed,2025,15,Sun,2025-12-14,1:00PM,9JtBk8kFeaGEs,Washington,Football Team,WAS,washington-commanders,was,n8CuHV9wbYCqF,New York,Giants,NYG,new-york-giants,nyg,A,H,29,21,https://www.pro-football-reference.com/boxscores/202512140nyg.htm
closed,2025,15,Sun,2025-12-14,1:00PM,hjjmgzxilGWdr,Philadelphia,Eagles,PHI,philadelphia-eagles,phi,LZoDld8s63xUs,Las Vegas,Raiders,LV,las-vegas-raiders,rai,H,A,31,0,https://www.pro-football-reference.com/boxscores/202512140phi.htm
closed,2025,15,Sun,2025-12-14,4:25PM,u98I1lDKQBwZ0,Los Angeles,Rams,LAR,los-angeles-rams,ram,FCuH1wdksA2DQ,Detroit,Lions,DET,detroit-lions,det,H,A,41,34,https://www.pro-football-reference.com/boxscores/202512140ram.htm
closed,2025,15,Sun,2025-12-14,4:25PM,4M8AK5p0WXs1N,Seattle,Seahawks,SEA,seattle-seahawks,sea,LJmHetie5VbbO,Indianapolis,Colts,IND,indianapolis-colts,clt,H,A,18,16,https://www.pro-football-reference.com/boxscores/202512140sea.htm
closed,2025,15,Sun,2025-12-14,4:25PM,IwSI92ZDKoazn,San Francisco,49ers,SF,san-francisco-49ers,sfo,ltMyRE3yvVUaw,Tennessee,Titans,TEN,tennessee-titans,oti,H,A,37,24,https://www.pro-football-reference.com/boxscores/202512140sfo.htm
closed,2025,15,Mon,2025-12-15,8:15PM,SlVgURDFI7EXX,Pittsburgh,Steelers,PIT,pittsburgh-steelers,pit,mfbu6O5aMHbJg,Miami,Dolphins,MIA,miami-dolphins,mia,H,A,28,15,https://www.pro-football-reference.com/boxscores/202512150pit.htm
closed,2025,16,Thu,2025-12-18,8:15PM,4M8AK5p0WXs1N,Seattle,Seahawks,SEA,seattle-seahawks,sea,u98I1lDKQBwZ0,Los Angeles,Rams,LAR,los-angeles-rams,ram,H,A,38,37,https://www.pro-football-reference.com/boxscores/202512180sea.htm
closed,2025,16,Sat,2025-12-20,8:20PM,1vVmWGzUZ1rea,Chicago,Bears,CHI,chicago-bears,chi,D5QY6bOxfn8ZL,Green Bay,Packers,GB,green-bay-packers,gnb,H,A,22,16,https://www.pro-football-reference.com/boxscores/202512200chi.htm
closed,2025,16,Sat,2025-12-20,5:00PM,hjjmgzxilGWdr,Philadelphia,Eagles,PHI,philadelphia-eagles,phi,9JtBk8kFeaGEs,Washington,Football Team,WAS,washington-commanders,was,A,H,29,18,https://www.pro-football-reference.com/boxscores/202512200was.htm
closed,2025,16,Sun,2025-12-21,1:00PM,jJBGuksuDJF5L,Carolina,Panthers,CAR,carolina-panthers,car,QMAZH1v922YLu,Tampa Bay,Buccaneers,TB,tampa-bay-buccaneers,tam,H,A,23,20,https://www.pro-football-reference.com/boxscores/202512210car.htm
closed,2025,16,Sun,2025-12-21,1:00PM,3VqeLK0LS9rpw,Buffalo,Bills,BUF,buffalo-bills,buf,IR4gIYmh269EI,Cleveland,Browns,CLE,cleveland-browns,cle,A,H,23,20,https://www.pro-football-reference.com/boxscores/202512210cle.htm
closed,2025,16,Sun,2025-12-21,4:05PM,mLspw4gJNTQGN,Atlanta,Falcons,ATL,atlanta-falcons,atl,GJizlkzQFaqGA,Arizona,Cardinals,ARI,arizona-cardinals,crd,A,H,26,19,https://www.pro-football-reference.com/boxscores/202512210crd.htm
closed,2025,16,Sun,2025-12-21,1:00PM,SjaMbkmeizJD4,Los Angeles,Chargers,LAC,los-angeles-chargers,sdg,KdjU81i7YSFE7,Dallas,Cowboys,DAL,dallas-cowboys,dal,A,H,34,17,https://www.pro-football-reference.com/boxscores/202512210dal.htm
closed,2025,16,Sun,2025-12-21,4:05PM,RtOjnciWkJPaL,Jacksonville,Jaguars,JAC,jacksonville-jaguars,jax,6DclFuycdPaOB,Denver,Broncos,DEN,denver-broncos,den,A,H,34,20,https://www.pro-football-reference.com/boxscores/202512210den.htm
closed,2025,16,Sun,2025-12-21,4:25PM,SlVgURDFI7EXX,Pittsburgh,Steelers,PIT,pittsburgh-steelers,pit,FCuH1wdksA2DQ,Detroit,Lions,DET,detroit-lions,det,A,H,29,24,https://www.pro-football-reference.com/boxscores/202512210det.htm
closed,2025,16,Sun,2025-12-21,4:25PM,UI0Ax4HUEXFh6,Houston,Texans,HOU,houston-texans,htx,LZoDld8s63xUs,Las Vegas,Raiders,LV,las-vegas-raiders,rai,H,A,23,21,https://www.pro-football-reference.com/boxscores/202512210htx.htm
closed,2025,16,Sun,2025-12-21,1:00PM,22ZdibiqvfA2D,Cincinnati,Bengals,CIN,cincinnati-bengals,cin,mfbu6O5aMHbJg,Miami,Dolphins,MIA,miami-dolphins,mia,A,H,45,21,https://www.pro-football-reference.com/boxscores/202512210mia.htm
closed,2025,16,Sun,2025-12-21,1:00PM,CI5mhfNa0Zqd2,New Orleans,Saints,NO,new-orleans-saints,nor,mexvMWO2v1hWn,New York,Jets,NYJ,new-york-jets,nyj,H,A,29,6,https://www.pro-football-reference.com/boxscores/202512210nor.htm
closed,2025,16,Sun,2025-12-21,1:00PM,AzOs5UWsXusSW,Minnesota,Vikings,MIN,minnesota-vikings,min,n8CuHV9wbYCqF,New York,Giants,NYG,new-york-giants,nyg,A,H,16,13,https://www.pro-football-reference.com/boxscores/202512210nyg.htm
closed,2025,16,Sun,2025-12-21,1:00PM,ltMyRE3yvVUaw,Tennessee,Titans,TEN,tennessee-titans,oti,oiGiwWPf0UqMC,Kansas City,Chiefs,KC,kansas-city-chiefs,kan,H,A,26,9,https://www.pro-football-reference.com/boxscores/202512210oti.htm
closed,2025,16,Sun,2025-12-21,8:20PM,VkxV91RtzHn65,New England,Patriots,NE,new-england-patriots,nwe,zyhFXj1nywrm1,Baltimore,Ravens,BAL,baltimore-ravens,rav,A,H,28,24,https://www.pro-football-reference.com/boxscores/202512210rav.htm
closed,2025,16,Mon,2025-12-22,8:15PM,IwSI92ZDKoazn,San Francisco,49ers,SF,san-francisco-49ers,sfo,LJmHetie5VbbO,Indianapolis,Colts,IND,indianapolis-colts,clt,A,H,48,27,https://www.pro-football-reference.com/boxscores/202512220clt.htm
closed,2025,17,Thu,2025-12-25,8:15PM,6DclFuycdPaOB,Denver,Broncos,DEN,denver-broncos,den,oiGiwWPf0UqMC,Kansas City,Chiefs,KC,kansas-city-chiefs,kan,A,H,20,13,https://www.pro-football-reference.com/boxscores/202512250kan.htm
closed,2025,17,Thu,2025-12-25,4:30PM,AzOs5UWsXusSW,Minnesota,Vikings,MIN,minnesota-vikings,min,FCuH1wdksA2DQ,Detroit,Lions,DET,detroit-lions,det,H,A,23,10,https://www.pro-football-reference.com/boxscores/202512250min.htm
closed,2025,17,Thu,2025-12-25,1:00PM,KdjU81i7YSFE7,Dallas,Cowboys,DAL,dallas-cowboys,dal,9JtBk8kFeaGEs,Washington,Football Team,WAS,washington-commanders,was,A,H,30,23,https://www.pro-football-reference.com/boxscores/202512250was.htm
closed,2025,17,Sat,2025-12-27,8:00PM,zyhFXj1nywrm1,Baltimore,Ravens,BAL,baltimore-ravens,rav,D5QY6bOxfn8ZL,Green Bay,Packers,GB,green-bay-packers,gnb,A,H,41,24,https://www.pro-football-reference.com/boxscores/202512270gnb.htm
closed,2025,17,Sat,2025-12-27,4:30PM,UI0Ax4HUEXFh6,Houston,Texans,HOU,houston-texans,htx,SjaMbkmeizJD4,Los Angeles,Chargers,LAC,los-angeles-chargers,sdg,A,H,20,16,https://www.pro-football-reference.com/boxscores/202512270sdg.htm
closed,2025,17,Sun,2025-12-28,4:25PM,hjjmgzxilGWdr,Philadelphia,Eagles,PHI,philadelphia-eagles,phi,3VqeLK0LS9rpw,Buffalo,Bills,BUF,buffalo-bills,buf,A,H,13,12,https://www.pro-football-reference.com/boxscores/202512280buf.htm
closed,2025,17,Sun,2025-12-28,1:00PM,4M8AK5p0WXs1N,Seattle,Seahawks,SEA,seattle-seahawks,sea,jJBGuksuDJF5L,Carolina,Panthers,CAR,carolina-panthers,car,A,H,27,10,https://www.pro-football-reference.com/boxscores/202512280car.htm
closed,2025,17,Sun,2025-12-28,1:00PM,22ZdibiqvfA2D,Cincinnati,Bengals,CIN,cincinnati-bengals,cin,GJizlkzQFaqGA,Arizona,Cardinals,ARI,arizona-cardinals,crd,H,A,37,14,https://www.pro-football-reference.com/boxscores/202512280cin.htm
closed,2025,17,Sun,2025-12-28,1:00PM,IR4gIYmh269EI,Cleveland,Browns,CLE,cleveland-browns,cle,SlVgURDFI7EXX,Pittsburgh,Steelers,PIT,pittsburgh-steelers,pit,H,A,13,6,https://www.pro-football-reference.com/boxscores/202512280cle.htm
closed,2025,17,Sun,2025-12-28,1:00PM,RtOjnciWkJPaL,Jacksonville,Jaguars,JAC,jacksonville-jaguars,jax,LJmHetie5VbbO,Indianapolis,Colts,IND,indianapolis-colts,clt,A,H,23,17,https://www.pro-football-reference.com/boxscores/202512280clt.htm
closed,2025,17,Sun,2025-12-28,1:00PM,mfbu6O5aMHbJg,Miami,Dolphins,MIA,miami-dolphins,mia,QMAZH1v922YLu,Tampa Bay,Buccaneers,TB,tampa-bay-buccaneers,tam,H,A,20,17,https://www.pro-football-reference.com/boxscores/202512280mia.htm
closed,2025,17,Sun,2025-12-28,1:00PM,VkxV91RtzHn65,New England,Patriots,NE,new-england-patriots,nwe,mexvMWO2v1hWn,New York,Jets,NYJ,new-york-jets,nyj,A,H,42,10,https://www.pro-football-reference.com/boxscores/202512280nyj.htm
closed,2025,17,Sun,2025-12-28,1:00PM,CI5mhfNa0Zqd2,New Orleans,Saints,NO,new-orleans-saints,nor,ltMyRE3yvVUaw,Tennessee,Titans,TEN,tennessee-titans,oti,A,H,34,26,https://www.pro-football-reference.com/boxscores/202512280oti.htm
closed,2025,17,Sun,2025-12-28,4:05PM,n8CuHV9wbYCqF,New York,Giants,NYG,new-york-giants,nyg,LZoDld8s63xUs,Las Vegas,Raiders,LV,las-vegas-raiders,rai,A,H,34,10,https://www.pro-football-reference.com/boxscores/202512280rai.htm
closed,2025,17,Sun,2025-12-28,8:20PM,IwSI92ZDKoazn,San Francisco,49ers,SF,san-francisco-49ers,sfo,1vVmWGzUZ1rea,Chicago,Bears,CHI,chicago-bears,chi,H,A,42,38,https://www.pro-football-reference.com/boxscores/202512280sfo.htm
closed,2025,17,Mon,2025-12-29,8:15PM,mLspw4gJNTQGN,Atlanta,Falcons,ATL,atlanta-falcons,atl,u98I1lDKQBwZ0,Los Angeles,Rams,LAR,los-angeles-rams,ram,H,A,27,24,https://www.pro-football-reference.com/boxscores/202512290atl.htm
closed,2025,18,Sat,2026-01-03,8:00PM,4M8AK5p0WXs1N,Seattle,Seahawks,SEA,seattle-seahawks,sea,IwSI92ZDKoazn,San Francisco,49ers,SF,san-francisco-49ers,sfo,A,H,13,3,https://www.pro-football-reference.com/boxscores/202601030sfo.htm
closed,2025,18,Sat,2026-01-03,4:30PM,QMAZH1v922YLu,Tampa Bay,Buccaneers,TB,tampa-bay-buccaneers,tam,jJBGuksuDJF5L,Carolina,Panthers,CAR,carolina-panthers,car,H,A,16,14,https://www.pro-football-reference.com/boxscores/202601030tam.htm
closed,2025,18,Sun,2026-01-04,1:00PM,mLspw4gJNTQGN,Atlanta,Falcons,ATL,atlanta-falcons,atl,CI5mhfNa0Zqd2,New Orleans,Saints,NO,new-orleans-saints,nor,H,A,19,17,https://www.pro-football-reference.com/boxscores/202601040atl.htm
closed,2025,18,Sun,2026-01-04,4:25PM,3VqeLK0LS9rpw,Buffalo,Bills,BUF,buffalo-bills,buf,mexvMWO2v1hWn,New York,Jets,NYJ,new-york-jets,nyj,H,A,35,8,https://www.pro-football-reference.com/boxscores/202601040buf.htm
closed,2025,18,Sun,2026-01-04,4:25PM,FCuH1wdksA2DQ,Detroit,Lions,DET,detroit-lions,det,1vVmWGzUZ1rea,Chicago,Bears,CHI,chicago-bears,chi,A,H,19,16,https://www.pro-football-reference.com/boxscores/202601040chi.htm
closed,2025,18,Sun,2026-01-04,1:00PM,IR4gIYmh269EI,Cleveland,Browns,CLE,cleveland-browns,cle,22ZdibiqvfA2D,Cincinnati,Bengals,CIN,cincinnati-bengals,cin,A,H,20,18,https://www.pro-football-reference.com/boxscores/202601040cin.htm
closed,2025,18,Sun,2026-01-04,4:25PM,6DclFuycdPaOB,Denver,Broncos,DEN,denver-broncos,den,SjaMbkmeizJD4,Los Angeles,Chargers,LAC,los-angeles-chargers,sdg,H,A,19,3,https://www.pro-football-reference.com/boxscores/202601040den.htm
closed,2025,18,Sun,2026-01-04,1:00PM,UI0Ax4HUEXFh6,Houston,Texans,HOU,houston-texans,htx,LJmHetie5VbbO,Indianapolis,Colts,IND,indianapolis-colts,clt,H,A,38,30,https://www.pro-football-reference.com/boxscores/202601040htx.htm
closed,2025,18,Sun,2026-01-04,1:00PM,RtOjnciWkJPaL,Jacksonville,Jaguars,JAC,jacksonville-jaguars,jax,ltMyRE3yvVUaw,Tennessee,Titans,TEN,tennessee-titans,oti,H,A,41,7,https://www.pro-football-reference.com/boxscores/202601040jax.htm
closed,2025,18,Sun,2026-01-04,1:00PM,AzOs5UWsXusSW,Minnesota,Vikings,MIN,minnesota-vikings,min,D5QY6bOxfn8ZL,Green Bay,Packers,GB,green-bay-packers,gnb,H,A,16,3,https://www.pro-football-reference.com/boxscores/202601040min.htm
closed,2025,18,Sun,2026-01-04,4:25PM,VkxV91RtzHn65,New England,Patriots,NE,new-england-patriots,nwe,mfbu6O5aMHbJg,Miami,Dolphins,MIA,miami-dolphins,mia,H,A,38,10,https://www.pro-football-reference.com/boxscores/202601040nwe.htm
closed,2025,18,Sun,2026-01-04,1:00PM,n8CuHV9wbYCqF,New York,Giants,NYG,new-york-giants,nyg,KdjU81i7YSFE7,Dallas,Cowboys,DAL,dallas-cowboys,dal,H,A,34,17,https://www.pro-football-reference.com/boxscores/202601040nyg.htm
closed,2025,18,Sun,2026-01-04,4:25PM,9JtBk8kFeaGEs,Washington,Football Team,WAS,washington-commanders,was,hjjmgzxilGWdr,Philadelphia,Eagles,PHI,philadelphia-eagles,phi,A,H,24,17,https://www.pro-football-reference.com/boxscores/202601040phi.htm
closed,2025,18,Sun,2026-01-04,8:20PM,SlVgURDFI7EXX,Pittsburgh,Steelers,PIT,pittsburgh-steelers,pit,zyhFXj1nywrm1,Baltimore,Ravens,BAL,baltimore-ravens,rav,H,A,26,24,https://www.pro-football-reference.com/boxscores/202601040pit.htm
closed,2025,18,Sun,2026-01-04,4:25PM,LZoDld8s63xUs,Las Vegas,Raiders,LV,las-vegas-raiders,rai,oiGiwWPf0UqMC,Kansas City,Chiefs,KC,kansas-city-chiefs,kan,H,A,14,12,https://www.pro-football-reference.com/boxscores/202601040rai.htm
closed,2025,18,Sun,2026-01-04,4:25PM,u98I1lDKQBwZ0,Los Angeles,Rams,LAR,los-angeles-rams,ram,GJizlkzQFaqGA,Arizona,Cardinals,ARI,arizona-cardinals,crd,H,A,37,20,https://www.pro-football-reference.com/boxscores/202601040ram.htm
closed,2025,19,Sat,2026-01-10,4:30PM,u98I1lDKQBwZ0,Los Angeles,Rams,LAR,los-angeles-rams,ram,jJBGuksuDJF5L,Carolina,Panthers,CAR,carolina-panthers,car,A,H,34,31,https://www.pro-football-reference.com/boxscores/202601100car.htm
closed,2025,19,Sat,2026-01-10,8:00PM,1vVmWGzUZ1rea,Chicago,Bears,CHI,chicago-bears,chi,D5QY6bOxfn8ZL,Green Bay,Packers,GB,green-bay-packers,gnb,H,A,31,27,https://www.pro-football-reference.com/boxscores/202601100chi.htm
closed,2025,19,Sun,2026-01-11,1:00PM,3VqeLK0LS9rpw,Buffalo,Bills,BUF,buffalo-bills,buf,RtOjnciWkJPaL,Jacksonville,Jaguars,JAC,jacksonville-jaguars,jax,A,H,27,24,https://www.pro-football-reference.com/boxscores/202601110jax.htm
closed,2025,19,Sun,2026-01-11,8:15PM,VkxV91RtzHn65,New England,Patriots,NE,new-england-patriots,nwe,SjaMbkmeizJD4,Los Angeles,Chargers,LAC,los-angeles-chargers,sdg,H,A,16,3,https://www.pro-football-reference.com/boxscores/202601110nwe.htm
closed,2025,19,Sun,2026-01-11,4:30PM,IwSI92ZDKoazn,San Francisco,49ers,SF,san-francisco-49ers,sfo,hjjmgzxilGWdr,Philadelphia,Eagles,PHI,philadelphia-eagles,phi,A,H,23,19,https://www.pro-football-reference.com/boxscores/202601110phi.htm
closed,2025,19,Mon,2026-01-12,8:15PM,UI0Ax4HUEXFh6,Houston,Texans,HOU,houston-texans,htx,SlVgURDFI7EXX,Pittsburgh,Steelers,PIT,pittsburgh-steelers,pit,A,H,30,6,https://www.pro-football-reference.com/boxscores/202601120pit.htm
closed,2025,20,Sat,2026-01-17,4:30PM,6DclFuycdPaOB,Denver,Broncos,DEN,denver-broncos,den,3VqeLK0LS9rpw,Buffalo,Bills,BUF,buffalo-bills,buf,H,A,33,30,https://www.pro-football-reference.com/boxscores/202601170den.htm
closed,2025,20,Sat,2026-01-17,8:00PM,4M8AK5p0WXs1N,Seattle,Seahawks,SEA,seattle-seahawks,sea,IwSI92ZDKoazn,San Francisco,49ers,SF,san-francisco-49ers,sfo,H,A,41,6,https://www.pro-football-reference.com/boxscores/202601170sea.htm
closed,2025,20,Sun,2026-01-18,6:30PM,u98I1lDKQBwZ0,Los Angeles,Rams,LAR,los-angeles-rams,ram,1vVmWGzUZ1rea,Chicago,Bears,CHI,chicago-bears,chi,A,H,20,17,https://www.pro-football-reference.com/boxscores/202601180chi.htm
closed,2025,20,Sun,2026-01-18,3:00PM,VkxV91RtzHn65,New England,Patriots,NE,new-england-patriots,nwe,UI0Ax4HUEXFh6,Houston,Texans,HOU,houston-texans,htx,H,A,28,16,https://www.pro-football-reference.com/boxscores/202601180nwe.htm
closed,2025,21,Sun,2026-01-25,3:00PM,VkxV91RtzHn65,New England,Patriots,NE,new-england-patriots,nwe,6DclFuycdPaOB,Denver,Broncos,DEN,denver-broncos,den,A,H,10,7,https://www.pro-football-reference.com/boxscores/202601250den.htm
closed,2025,21,Sun,2026-01-25,6:30PM,4M8AK5p0WXs1N,Seattle,Seahawks,SEA,seattle-seahawks,sea,u98I1lDKQBwZ0,Los Angeles,Rams,LAR,los-angeles-rams,ram,H,A,31,27,https://www.pro-football-reference.com/boxscores/202601250sea.htm
closed,2025,22,Sun,2026-02-08,6:30PM,4M8AK5p0WXs1N,Seattle,Seahawks,SEA,seattle-seahawks,sea,VkxV91RtzHn65,New England,Patriots,NE,new-england-patriots,nwe,N,N,29,13,https://www.pro-football-reference.com/boxscores/202602080nwe.htm